{"0": 5.2799060780969835, "1": 8.23643022984912, "2": -10.0, "3": 6.3857216145676965, "4": 2.405263401836649, "5": 8.380878073399465, "6": 4.066330514009293, "7": 5.070476905683311, "8": 10.0, "9": 3.4611016371365295, "10": 3.188663143161513, "11": 7.2737136946185394, "12": 3.2126394732716896, "13": 8.059939181794316, "14": 7.411401658025309, "15": 5.516514919395307, "16": 6.930434556736142}