{"singapore": { "1": -10.0, "2": -1.304495472876889, "3": 0.31848781549771665, "4": 1.711431359472325, "5": 1.7454043983072705, "6": 1.797042878242305, "7": 2.0836536309839477, "8": 3.241904037601625, "9": 3.6418347430118168, "10": 3.9324694918198766, "11": 4.390054620494466, "12": 5.151342612422692, "13": 5.294390328262272, "14": 6.203404563661213, "15": 6.773447583210274, "16": 10.0 }, "glasgow": {"8": -6.623878116780961, "4": -7.575184221707849, "14": -3.731643180235979, "12": -4.798582767362917, "2": -9.262228288948508, "17": 10.0, "7": -6.865646652554471, "1": -10.0, "13": -3.7654394200893364, "3": -8.550007384916631, "16": -3.4281714994276395, "5": -7.392086713210754, "10": -5.980838110734469, "6": -7.133928721038767, "11": -5.049737941081107, "9": -6.075341824052394, "15": -3.731643180235979}, "turin": {"6": -3.303920538002874, "8": -2.2326929314106305, "12": 3.4844211918864936, "9": -1.7276244207538767, "4": -4.405363624238366, "14": 6.391883658467513, "15": 10.0, "1": -10.0, "2": -5.557333654282449, "13": 4.721360646725978, "10": -0.7906823851251907, "5": -4.197626413043537, "3": -5.001628646456059, "11": 2.233637865861528, "7": -2.8386629595097554}}