{"singapore": { "1": -10.0, "2": -1.304495472876889, "3": 0.31848781549771665, "4": 1.711431359472325, "5": 1.7454043983072705, "6": 1.797042878242305, "7": 2.0836536309839477, "8": 3.241904037601625, "9": 3.6418347430118168, "10": 3.9324694918198766, "11": 4.390054620494466, "12": 5.151342612422692, "13": 5.294390328262272, "14": 6.203404563661213, "15": 6.773447583210274, "16": 10.0 }}